{"m00":0.9998000264167786,"m10":0.019938893616199495,"m20":-0.00154197309166193,"m30":0.0,"m01":-0.019941605627536775,"m11":0.9997996091842651,"m21":-0.0017637449782341719,"m31":0.0,"m02":0.0015064969193190337,"m12":0.0017941417172551156,"m22":0.9999972581863403,"m32":0.0,"m03":0.17690549790859223,"m13":0.21647274494171143,"m23":0.01566939800977707,"m33":1.0}