{"m00":0.9994404315948486,"m10":0.02826135791838169,"m20":-0.017892636358737947,"m30":0.0,"m01":-0.02808328904211521,"m11":0.9995542764663696,"m21":0.010126352310180664,"m31":0.0,"m02":0.01817084476351738,"m12":-0.009618202224373818,"m22":0.9997886419296265,"m32":0.0,"m03":0.20261044800281526,"m13":0.20511072874069215,"m23":0.028188496828079225,"m33":1.0}